{
    "GENERAL WEBCAM 1": {
        "intrinsic_values": {
            "fx": 964.8058681,
            "fy": 963.88686389,
            "cx": 624.77122373,
            "cy": 392.3720494,
            "fx_std": 5.85088709e+00,
            "fy_std": 5.69180703e+00,
            "cx_std": 1.14222088e+01,
            "cy_std": 9.09116532e+00
        },
        "distortion_coefficients": {
            "k1": -0.3458096,
            "k2": 0.14569887,
            "p1": -0.00046338,
            "p2": -0.00392941,
            "k3": -0.0420903,
            "k1_std": 1.30153989e-02,
            "k2_std": 3.81751536e-02,
            "p1_std": 9.10630388e-04,
            "p2_std": 1.42681184e-03,
            "k3_std": 4.04205336e-02
        },
        "extrinsic_values": {
            "x": 545.4491529,
            "y": 122.7237071,
            "z": 628.8226566,
            "rx": 3.0679505,
            "ry": 0.4092790,
            "rz": 0.0500322,
            "x_std": 0.0,
            "y_std": 0.0,
            "z_std": 0.0,
            "rx_std": 0.0,
            "ry_std": 0.0,
            "rz_std": 0.0
        }
	},
    "GENERAL WEBCAM 2": {
        "intrinsic_values": {
            "fx": 934.20498675,
            "fy": 934.82686327,
            "cx": 684.27162537,
            "cy": 416.35023263,
            "fx_std": 1.34154541e+01,
            "fy_std": 1.35416395e+01,
            "cx_std": 8.64236891e+00,
            "cy_std": 7.01572967e+00
        },
        "distortion_coefficients": {
            "k1": -0.36560084,
            "k2": 0.15113655,
            "p1": 0.0041255,
            "p2": -0.00204131,
            "k3": -0.03204346,
            "k1_std": 1.43502130e-02,
            "k2_std": 3.33856456e-02,
            "p1_std": 1.32627937e-03,
            "p2_std": 1.80595535e-03,
            "k3_std": 2.94611218e-02
        },
        "extrinsic_values": {
            "x": 416.8388396,
            "y": -18.4614767,
            "z": 634.0231320,
            "rx": 2.9466173,
            "ry": 0.1791036,
            "rz": -0.0263274,
            "x_std": 0.0,
            "y_std": 0.0,
            "z_std": 0.0,
            "rx_std": 0.0,
            "ry_std": 0.0,
            "rz_std": 0.0
        }
	},
	"GENERAL WEBCAM 3": {
        "intrinsic_values": {
            "fx": 1113.46257,
            "fy": 1112.79398,
            "cx": 706.760471,
            "cy": 347.018915,
            "fx_std": 2.38187456e+01,
            "fy_std": 2.42681097e+01,
            "cx_std": 1.39161344e+01,
            "cy_std": 1.20850934e+01
        },
        "distortion_coefficients": {
            "k1": -0.36069077,
            "k2": -0.2012976,
            "p1": -0.01696398,
            "p2": -0.01360044,
            "k3": 0.5482195,
            "k1_std": 2.61774495e-02,
            "k2_std": 1.57165383e-01,
            "p1_std": 2.06654328e-03,
            "p2_std": 3.14886924e-03,
            "k3_std": 2.60358745e-01
        },
         "extrinsic_values": {
            "x": 116.401025,
            "y": 9.491173184,
            "z": 647.7041043,
            "rx": 3.047640354,
            "ry": -0.1198034,
            "rz": -0.113627266,
            "x_std": 0.0,
            "y_std": 0.0,
            "z_std": 0.0,
            "rx_std": 0.0,
            "ry_std": 0.0,
            "rz_std": 0.0
        }
	},
    "GENERAL WEBCAM 4": {
        "intrinsic_values": {
            "fx": 954.67966346,
            "fy": 956.04883473,
            "cx": 648.0495965,
            "cy": 337.44601807,
            "fx_std": 4.58401886,
            "fy_std": 4.61046988,
            "cx_std": 5.61384516,
            "cy_std": 5.72711441
        },
        "distortion_coefficients": {
            "k1": -0.34729488,
            "k2": 0.00548253,
            "p1": -0.00098355,
            "p2": 0.00068723,
            "k3": 0.23791787,
            "k1_std": 1.32862449e-02,
            "k2_std": 7.41127565e-02,
            "p1_std": 7.60170582e-04,
            "p2_std": 8.26008916e-04,
            "k3_std": 1.30952040e-01
        },      
 	"extrinsic_values": {
            "x": -5.9090547,
            "y": 134.6040442,
            "z": 629.0085498,
            "rx": -3.1232326,
            "ry": -0.2264649,
            "rz": -0.2037651,
            "x_std": 0.0,
            "y_std": 0.0,
            "z_std": 0.0,
            "rx_std": 0.0,
            "ry_std": 0.0,
            "rz_std": 0.0
        }
	},
    "Depstech webcam 1": {
        "intrinsic_values": {
            "fx": 964.8058681,
            "fy": 963.88686389,
            "cx": 624.77122373,
            "cy": 392.3720494,
            "fx_std": 5.85088709e+00,
            "fy_std": 5.69180703e+00,
            "cx_std": 1.14222088e+01,
            "cy_std": 9.09116532e+00
        },
        "distortion_coefficients": {
            "k1": -0.3458096,
            "k2": 0.14569887,
            "p1": -0.00046338,
            "p2": -0.00392941,
            "k3": -0.0420903,
            "k1_std": 1.30153989e-02,
            "k2_std": 3.81751536e-02,
            "p1_std": 9.10630388e-04,
            "p2_std": 1.42681184e-03,
            "k3_std": 4.04205336e-02
        },
        "extrinsic_values": {
            "x": 545.4491529,
            "y": 122.7237071,
            "z": 628.8226566,
            "rx": 3.0679505,
            "ry": 0.4092790,
            "rz": 0.0500322,
            "x_std": 0.0,
            "y_std": 0.0,
            "z_std": 0.0,
            "rx_std": 0.0,
            "ry_std": 0.0,
            "rz_std": 0.0
        }
	},
    "Depstech webcam 2": {
        "intrinsic_values": {
            "fx": 934.20498675,
            "fy": 934.82686327,
            "cx": 684.27162537,
            "cy": 416.35023263,
            "fx_std": 1.34154541e+01,
            "fy_std": 1.35416395e+01,
            "cx_std": 8.64236891e+00,
            "cy_std": 7.01572967e+00
        },
        "distortion_coefficients": {
            "k1": -0.36560084,
            "k2": 0.15113655,
            "p1": 0.0041255,
            "p2": -0.00204131,
            "k3": -0.03204346,
            "k1_std": 1.43502130e-02,
            "k2_std": 3.33856456e-02,
            "p1_std": 1.32627937e-03,
            "p2_std": 1.80595535e-03,
            "k3_std": 2.94611218e-02
        },
        "extrinsic_values": {
            "x": 416.8388396,
            "y": -18.4614767,
            "z": 634.0231320,
            "rx": 2.9466173,
            "ry": 0.1791036,
            "rz": -0.0263274,
            "x_std": 0.0,
            "y_std": 0.0,
            "z_std": 0.0,
            "rx_std": 0.0,
            "ry_std": 0.0,
            "rz_std": 0.0
        }
	},
	"Depstech webcam 3": {
        "intrinsic_values": {
            "fx": 1113.46257,
            "fy": 1112.79398,
            "cx": 706.760471,
            "cy": 347.018915,
            "fx_std": 2.38187456e+01,
            "fy_std": 2.42681097e+01,
            "cx_std": 1.39161344e+01,
            "cy_std": 1.20850934e+01
        },
        "distortion_coefficients": {
            "k1": -0.36069077,
            "k2": -0.2012976,
            "p1": -0.01696398,
            "p2": -0.01360044,
            "k3": 0.5482195,
            "k1_std": 2.61774495e-02,
            "k2_std": 1.57165383e-01,
            "p1_std": 2.06654328e-03,
            "p2_std": 3.14886924e-03,
            "k3_std": 2.60358745e-01
        },
         "extrinsic_values": {
            "x": 116.401025,
            "y": 9.491173184,
            "z": 647.7041043,
            "rx": 3.047640354,
            "ry": -0.1198034,
            "rz": -0.113627266,
            "x_std": 0.0,
            "y_std": 0.0,
            "z_std": 0.0,
            "rx_std": 0.0,
            "ry_std": 0.0,
            "rz_std": 0.0
        }
	},
    "Depstech webcam 4": {
        "intrinsic_values": {
            "fx": 954.67966346,
            "fy": 956.04883473,
            "cx": 648.0495965,
            "cy": 337.44601807,
            "fx_std": 4.58401886,