{
    "0": {
        "intrinsic_values": {
            "fx": 1890.828990554079,
            "fy": 1890.2173974679636,
            "cx": 1328.1397051485042,
            "cy": 617.9871752050032,
            "fx_std": 0.0,
            "fy_std": 0.0,
            "cx_std": 0.0,
            "cy_std": 0.0
        },
        "distortion_coefficients": {
            "k1": -0.3763214011181046,
            "k2": 0.17150779202388192,
            "p1": -0.0003475608571251037,
            "p2": 0.0003554201436215979,
            "k3": -0.053972122724743714,
            "k1_std": 0.0,
            "k2_std": 0.0,
            "p1_std": 0.0,
            "p2_std": 0.0,
            "k3_std": 0.0
        },
        "extrinsic_values": {
            "x": -106.58029042,
            "y": -17.34349657,
            "z": 150.40976488,
            "rx": -172.63813617,
            "ry": -43.77485683,
            "rz": -18.31580885,
            "x_std": 0.0,
            "y_std": 0.0,
            "z_std": 0.0,
            "rx_std": 0.0,
            "ry_std": 0.0,
            "rz_std": 0.0
        }
	},
    "1": {
        "intrinsic_values": {
            "fx": 1890.828990554079,
            "fy": 1890.2173974679636,
            "cx": 1328.1397051485042,
            "cy": 617.9871752050032,
            "fx_std": 0.0,
            "fy_std": 0.0,
            "cx_std": 0.0,
            "cy_std": 0.0
        },
        "distortion_coefficients": {
            "k1": -0.3763214011181046,
            "k2": 0.17150779202388192,
            "p1": -0.0003475608571251037,
            "p2": 0.0003554201436215979,
            "k3": -0.053972122724743714,
            "k1_std": 0.0,
            "k2_std": 0.0,
            "p1_std": 0.0,
            "p2_std": 0.0,
            "k3_std": 0.0
        },
        "extrinsic_values": {
            "x": -142.76359946,
            "y": -27.41499205,
            "z": 179.8791891,
            "rx": -159.16214862,
            "ry": -9.88296059,
            "rz": 8.06490366,
            "x_std": 0.0,
            "y_std": 0.0,
            "z_std": 0.0,
            "rx_std": 0.0,
            "ry_std": 0.0,
            "rz_std": 0.0
        }
	},
	"2": {
        "intrinsic_values": {
            "fx": 1890.828990554079,
            "fy": 1890.2173974679636,
            "cx": 1328.1397051485042,
            "cy": 617.9871752050032,
            "fx_std": 0.0,
            "fy_std": 0.0,
            "cx_std": 0.0,
            "cy_std": 0.0
        },
        "distortion_coefficients": {
            "k1": -0.3763214011181046,
            "k2": 0.17150779202388192,
            "p1": -0.0003475608571251037,
            "p2": 0.0003554201436215979,
            "k3": -0.053972122724743714,
            "k1_std": 0.0,
            "k2_std": 0.0,
            "p1_std": 0.0,
            "p2_std": 0.0,
            "k3_std": 0.0
        },
        "extrinsic_values": {
            "x": -138.21565788,
            "y": -25.14151157,
            "z": 162.27082602,
            "rx": -152.20149437,
            "ry": -22.65009011,
            "rz": 1.55448109,
            "x_std": 0.0,
            "y_std": 0.0,
            "z_std": 0.0,
            "rx_std": 0.0,
            "ry_std": 0.0,
            "rz_std": 0.0
        }
	},
    "3": {
        "intrinsic_values": {
            "fx": 1890.828990554079,
            "fy": 1890.2173974679636,
            "cx": 1328.1397051485042,
            "cy": 617.9871752050032,
            "fx_std": 0.0,
            "fy_std": 0.0,
            "cx_std": 0.0,
            "cy_std": 0.0
        },
        "distortion_coefficients": {
            "k1": -0.3763214011181046,
            "k2": 0.17150779202388192,
            "p1": -0.0003475608571251037,
            "p2": 0.0003554201436215979,
            "k3": -0.053972122724743714,
            "k1_std": 0.0,
            "k2_std": 0.0,
            "p1_std": 0.0,
            "p2_std": 0.0,
            "k3_std": 0.0
        },
        "extrinsic_values": {
            "x": -110.27673362,
            "y": -17.79010048,
            "z": 140.50682044,
            "rx": 171.5625093,
            "ry": -42.8020739,
            "rz": -8.97206343,
            "x_std": 0.0,
            "y_std": 0.0,
            "z_std": 0.0,
            "rx_std": 0.0,
            "ry_std": 0.0,
            "rz_std": 0.0
        }
	},
    "4": {
        "intrinsic_values": {
            "fx": 1890.828990554079,
            "fy": 1890.2173974679636,
            "cx": 1328.1397051485042,
            "cy": 617.9871752050032,
            "fx_std": 0.0,
            "fy_std": 0.0,
            "cx_std": 0.0,
            "cy_std": 0.0
        },
        "distortion_coefficients": {
            "k1": -0.3763214011181046,
            "k2": 0.17150779202388192,
            "p1": -0.0003475608571251037,
            "p2": 0.0003554201436215979,
            "k3": -0.053972122724743714,
            "k1_std": 0.0,
            "k2_std": 0.0,
            "p1_std": 0.0,
            "p2_std": 0.0,
            "k3_std": 0.0
        },
        "extrinsic_values": {
            "x": 0.0,
            "y": 0.0,
            "z": 0.0,
            "rx": 0.0,
            "ry": 0.0,
            "rz": 0.0,
            "x_std": 0.0,
            "y_std": 0.0,
            "z_std": 0.0,
            "rx_std": 0.0,
            "ry_std": 0.0,
            "rz_std": 0.0
        }
	}
}
