{
    "1": {
        "camera_system": 		"base_frcam1",
		"extrinsic_ref_system":	"world",
        "intrinsic_values": {
            "fx": 1890.828990554079,
            "fy": 1890.2173974679636,
            "cx": 1328.1397051485042,
            "cy": 617.9871752050032,
            "fx_std": 0.0,
            "fy_std": 0.0,
            "cx_std": 0.0,
            "cy_std": 0.0
        },
        "distortion_coefficients": {
            "k1": -0.3763214011181046,
            "k2": 0.17150779202388192,
            "p1": -0.0003475608571251037,
            "p2": 0.0003554201436215979,
            "k3": -0.053972122724743714,
            "k1_std": 0.0,
            "k2_std": 0.0,
            "p1_std": 0.0,
            "p2_std": 0.0,
            "k3_std": 0.0
        },
        "extrinsic_values": {
            "x": 0.0,
            "y": 0.0,
            "z": 0.0,
            "rx": 0.0,
            "ry": 0.0,
            "rz": 0.0,
            "x_std": 0.0,
            "y_std": 0.0,
            "z_std": 0.0,
            "rx_std": 0.0,
            "ry_std": 0.0,
            "rz_std": 0.0
        }
	},
	"2": {
        "camera_system": 		"base_frcam2",
		"extrinsic_ref_system":	"world",
        "intrinsic_values": {
            "fx": 1890.828990554079,
            "fy": 1890.2173974679636,
            "cx": 1328.1397051485042,
            "cy": 617.9871752050032,
            "fx_std": 0.0,
            "fy_std": 0.0,
            "cx_std": 0.0,
            "cy_std": 0.0
        },
        "distortion_coefficients": {
            "k1": -0.3763214011181046,
            "k2": 0.17150779202388192,
            "p1": -0.0003475608571251037,
            "p2": 0.0003554201436215979,
            "k3": -0.053972122724743714,
            "k1_std": 0.0,
            "k2_std": 0.0,
            "p1_std": 0.0,
            "p2_std": 0.0,
            "k3_std": 0.0
        },
        "extrinsic_values": {
            "x": 0.0,
            "y": 0.0,
            "z": 0.0,
            "rx": 0.0,
            "ry": 0.0,
            "rz": 0.0,
            "x_std": 0.0,
            "y_std": 0.0,
            "z_std": 0.0,
            "rx_std": 0.0,
            "ry_std": 0.0,
            "rz_std": 0.0
        }
    },
  "3": {
        "camera_system": 		"base_frcam1",
		"extrinsic_ref_system":	"world",
        "intrinsic_values": {
            "fx": 1890.828990554079,
            "fy": 1890.2173974679636,
            "cx": 1328.1397051485042,
            "cy": 617.9871752050032,
            "fx_std": 0.0,
            "fy_std": 0.0,
            "cx_std": 0.0,
            "cy_std": 0.0
        },
        "distortion_coefficients": {
            "k1": -0.3763214011181046,
            "k2": 0.17150779202388192,
            "p1": -0.0003475608571251037,
            "p2": 0.0003554201436215979,
            "k3": -0.053972122724743714,
            "k1_std": 0.0,
            "k2_std": 0.0,
            "p1_std": 0.0,
            "p2_std": 0.0,
            "k3_std": 0.0
        },
        "extrinsic_values": {
            "x": 0.0,
            "y": 0.0,
            "z": 0.0,
            "rx": 0.0,
            "ry": 0.0,
            "rz": 0.0,
            "x_std": 0.0,
            "y_std": 0.0,
            "z_std": 0.0,
            "rx_std": 0.0,
            "ry_std": 0.0,
            "rz_std": 0.0
        }
	},
	"4": {
        "camera_system": 		"base_frcam2",
		"extrinsic_ref_system":	"world",
        "intrinsic_values": {
            "fx": 1890.828990554079,
            "fy": 1890.2173974679636,
            "cx": 1328.1397051485042,
            "cy": 617.9871752050032,
            "fx_std": 0.0,
            "fy_std": 0.0,
            "cx_std": 0.0,
            "cy_std": 0.0
        },
        "distortion_coefficients": {
            "k1": -0.3763214011181046,
            "k2": 0.17150779202388192,
            "p1": -0.0003475608571251037,
            "p2": 0.0003554201436215979,
            "k3": -0.053972122724743714,
            "k1_std": 0.0,
            "k2_std": 0.0,
            "p1_std": 0.0,
            "p2_std": 0.0,
            "k3_std": 0.0
        },
        "extrinsic_values": {
            "x": 0.0,
            "y": 0.0,
            "z": 0.0,
            "rx": 0.0,
            "ry": 0.0,
            "rz": 0.0,
            "x_std": 0.0,
            "y_std": 0.0,
            "z_std": 0.0,
            "rx_std": 0.0,
            "ry_std": 0.0,
            "rz_std": 0.0
        }
    },
"0": {
        "camera_system": 		"base_frcam1",
		"extrinsic_ref_system":	"world",
        "intrinsic_values": {
            "fx": 1890.828990554079,
            "fy": 1890.2173974679636,
            "cx": 1328.1397051485042,
            "cy": 617.9871752050032,
            "fx_std": 0.0,
            "fy_std": 0.0,
            "cx_std": 0.0,
            "cy_std": 0.0
        },
        "distortion_coefficients": {
            "k1": -0.3763214011181046,
            "k2": 0.17150779202388192,
            "p1": -0.0003475608571251037,
            "p2": 0.0003554201436215979,
            "k3": -0.053972122724743714,
            "k1_std": 0.0,
            "k2_std": 0.0,
            "p1_std": 0.0,
            "p2_std": 0.0,
            "k3_std": 0.0
        },
        "extrinsic_values": {
            "x": 0.0,
            "y": 0.0,
            "z": 0.0,
            "rx": 0.0,
            "ry": 0.0,
            "rz": 0.0,
            "x_std": 0.0,
            "y_std": 0.0,
            "z_std": 0.0,
            "rx_std": 0.0,
            "ry_std": 0.0,
            "rz_std": 0.0
        }
	}
}