{
    "Depstech webcam": {
        "calibration resolution": {
            "x": 2560,
            "y": 1440
        },
        "intrinsic_values": {
            "fx": 1890.828990554079,
            "fy": 1890.2173974679636,
            "cx": 1328.1397051485042,
            "cy": 617.9871752050032,
            "fx_std": 0.0,
            "fy_std": 0.0,
            "cx_std": 0.0,
            "cy_std": 0.0
        },
        "distortion_coefficients": {
            "k1": -0.3763214011181046,
            "k2": 0.17150779202388192,
            "p1": -0.0003475608571251037,
            "p2": 0.0003554201436215979,
            "k3": -0.053972122724743714,
            "k1_std": 0.0,
            "k2_std": 0.0,
            "p1_std": 0.0,
            "p2_std": 0.0,
            "k3_std": 0.0
        }
	},
	"GENERAL WEBCAM": {
        "calibration resolution": {
            "x": 1280,
            "y": 720
        },
        "intrinsic_values": {
            "fx": 1890.828990554079,
            "fy": 1890.2173974679636,
            "cx": 1328.1397051485042,
            "cy": 617.9871752050032,
            "fx_std": 0.0,
            "fy_std": 0.0,
            "cx_std": 0.0,
            "cy_std": 0.0
        },
        "distortion_coefficients": {
            "k1": -0.3763214011181046,
            "k2": 0.17150779202388192,
            "p1": -0.0003475608571251037,
            "p2": 0.0003554201436215979,
            "k3": -0.053972122724743714,
            "k1_std": 0.0,
            "k2_std": 0.0,
            "p1_std": 0.0,
            "p2_std": 0.0,
            "k3_std": 0.0
        }
	}
}